{
    "718OS3": {
        "11/02/2018": {
            "TotalSteps": 13489,
            "TotalDistance": 10.7600002288818,
            "VeryActiveDistance": 1.6599999666214,
            "ModeratelyActiveDistance": 1.78999996185303,
            "LightActiveDistance": 7.32000017166138,
            "SedentaryActiveDistance": 0.0,
            "VeryActiveMinutes": 8,
            "FairlyActiveMinutes": 60,
            "LightlyActiveMinutes": 297,
            "SedentaryMinutes": 638,
            "RestingHeartRate": 49.0,
            "TotalMinutesAsleep": 368,
            "TotalTimeInBed": 429,
            "SleepToBedRatio": 0.8578088578088578
    }}}